{"cameraMode":{"drawMode":0,"name":"Shaded","section":"Shading Mode"},"sceneLighting":true,"audioPlay":false,"sceneViewState":{"m_AlwaysRefresh":false,"showFog":true,"showSkybox":true,"showFlares":true,"showImageEffects":true,"showParticleSystems":true,"showVisualEffectGraphs":true,"m_FxEnabled":true},"in2DMode":false,"pivot":{"x":23.061561584472658,"y":52.526214599609378,"z":8.734736442565918},"rotation":{"x":0.6204585433006287,"y":0.0010225025471299887,"z":-0.0007275883108377457,"w":0.7842773199081421},"size":4.7829484939575199,"orthographic":false}