{"cameraMode":{"drawMode":0,"name":"Shaded","section":"Shading Mode"},"sceneLighting":true,"audioPlay":false,"sceneViewState":{"m_AlwaysRefresh":false,"showFog":true,"showSkybox":true,"showFlares":true,"showImageEffects":true,"showParticleSystems":true,"showVisualEffectGraphs":true,"m_FxEnabled":true},"in2DMode":false,"pivot":{"x":66.9331283569336,"y":1.6488261222839356,"z":26.153087615966798},"rotation":{"x":0.02429244853556156,"y":-0.969752311706543,"z":0.21736496686935426,"w":0.10837753117084503},"size":1.4627585411071778,"orthographic":true}