{"cameraMode":{"drawMode":0,"name":"Shaded","section":"Shading Mode"},"sceneLighting":true,"audioPlay":false,"sceneViewState":{"m_AlwaysRefresh":false,"showFog":true,"showSkybox":true,"showFlares":true,"showImageEffects":true,"showParticleSystems":true,"showVisualEffectGraphs":true,"m_FxEnabled":true},"in2DMode":false,"pivot":{"x":53.954246520996097,"y":-5.374292373657227,"z":19.861591339111329},"rotation":{"x":-0.347411185503006,"y":0.10155020654201508,"z":-0.037866704165935519,"w":-0.9314385056495667},"size":30.347946166992189,"orthographic":false}