{"cameraMode":{"drawMode":0,"name":"Shaded","section":"Shading Mode"},"sceneLighting":true,"audioPlay":false,"sceneViewState":{"m_AlwaysRefresh":false,"showFog":true,"showSkybox":true,"showFlares":true,"showImageEffects":true,"showParticleSystems":true,"showVisualEffectGraphs":true,"m_FxEnabled":true},"in2DMode":false,"pivot":{"x":68.40788269042969,"y":0.2706875205039978,"z":27.516468048095704},"rotation":{"x":0.19329462945461274,"y":0.14095817506313325,"z":-0.02801682986319065,"w":0.9705585837364197},"size":1.8331972360610963,"orthographic":false}