{"cameraMode":{"drawMode":0,"name":"Shaded","section":"Shading Mode"},"sceneLighting":true,"audioPlay":false,"sceneViewState":{"m_AlwaysRefresh":false,"showFog":true,"showSkybox":true,"showFlares":true,"showImageEffects":true,"showParticleSystems":true,"showVisualEffectGraphs":true,"m_FxEnabled":true},"in2DMode":false,"pivot":{"x":65.6956787109375,"y":-6.950084686279297,"z":22.897327423095704},"rotation":{"x":0.3943604826927185,"y":-0.04545982554554939,"z":0.019536644220352174,"w":0.9176232218742371},"size":13.290082931518555,"orthographic":true}